Dasha,Durdle,ddurdle7@printfriendly.com,https://randomuser.me/api/portraits/men/8.jpg
Leda,Scrinage,lscrinage8@kickstarter.com,https://randomuser.me/api/portraits/men/9.jpg
Ashlee,Blakeway,ablakeway9@people.com.cn,https://randomuser.me/api/portraits/men/10.jpg
Lidia,Queste,lquestea@dailymail.co.uk,https://randomuser.me/api/portraits/men/11.jpg
Wynny,Pyffe,wpyffeb@army.mil,https://randomuser.me/api/portraits/men/12.jpg
Far,Paddefield,fpaddefieldc@typepad.com,https://randomuser.me/api/portraits/men/13.jpg
Ortensia,McParlin,omcparlind@mozilla.com,https://randomuser.me/api/portraits/men/14.jpg
Hewett,Woolfenden,hwoolfendene@ezinearticles.com,https://randomuser.me/api/portraits/men/15.jpg
Cly,Rizzotto,crizzottof@flickr.com,https://randomuser.me/api/portraits/men/16.jpg
Leeland,Jeandillou,ljeandilloug@usgs.gov,https://randomuser.me/api/portraits/men/17.jpg
Tamma,Eilers,teilersh@cocolog-nifty.com,https://randomuser.me/api/portraits/women/1.jpg
Ferdinanda,Gwillim,fgwillimi@shop-pro.jp,https://randomuser.me/api/portraits/women/2.jpg
Darrell,Le Port,dleportj@marketwatch.com,https://randomuser.me/api/portraits/women/3.jpg
Hyatt,Lamdin,hlamdink@gizmodo.com,https://randomuser.me/api/portraits/women/4.jpg
Ardene,Daubney,adaubneyl@europa.eu,https://randomuser.me/api/portraits/women/5.jpg
Catharina,Patshull,cpatshullm@icq.com,https://randomuser.me/api/portraits/women/6.jpg
Warner,Skyppe,wskyppen@webs.com,https://randomuser.me/api/portraits/women/7.jpg
Andrea,Murrum,amurrumo@senate.gov,https://randomuser.me/api/portraits/women/8.jpg
Cos,Walshe,cwalshep@indiegogo.com,https://randomuser.me/api/portraits/women/9.jpg
Martynne,Crockley,mcrockleyq@squidoo.com,https://randomuser.me/api/portraits/women/10.jpg
Babette,Santostefano.,bsantostefanor@lulu.com,https://randomuser.me/api/portraits/women/11.jpg
Emalia,Antonelli,eantonellis@bloomberg.com,https://randomuser.me/api/portraits/women/12.jpg
Virgie,Cubuzzi,vcubuzzit@usgs.gov,https://randomuser.me/api/portraits/women/13.jpg
